Reason,AccountID,resource_group,Missing-Files,Component,instance_name,Region,image_id,OS,instance
Instance is not sending syslogs,8.48889E+11,,Please check Ticket description,,cyclone-k8s-master,us-east-1,ami-056949a47358973e6,Amazon Linux,i-0fec084d5b0736e1b
Instance is not sending syslogs,8.48889E+11,,Please check Ticket description,,cyclone-k8s-worker,us-east-1,ami-056949a47358973e6,Amazon Linux,i-013126f0a44d0333f
Instance is not sending syslogs,8.48889E+11,,Please check Ticket description,,cyclone-k8s-worker,us-east-1,ami-056949a47358973e6,Amazon Linux,i-017f35460169b4a98
Instance is not sending syslogs,8.48889E+11,,Please check Ticket description,,cyclone-k8s-worker,us-east-1,ami-056949a47358973e6,Amazon Linux,i-0654413e34e5aab09
Instance is not sending syslogs,8.48889E+11,,Please check Ticket description,,cyclone-k8s-worker,us-east-1,ami-056949a47358973e6,Amazon Linux,i-08d1f62424709cda7
Instance is not sending syslogs,8.48889E+11,,Please check Ticket description,,cyclone-k8s-worker,us-east-1,ami-056949a47358973e6,Amazon Linux,i-0d55f7a384e076642
Instance is not sending syslogs,8.48889E+11,,Please check Ticket description,dc.echosign.core.deployment.chefserver,echosign-cyclone-na1dc1-chef,us-east-1,ami-0d08dcf63b81b23da,Unknown,i-08e5e28c9a9592bd9
Instance is not sending syslogs,8.48889E+11,,Please check Ticket description,dc.echosign.core.network.bastion,echosign-cyclone-na1dc1-jump1,us-east-1,ami-04e397eb8e6e3c534,Unknown,i-026c599a17f427a53
Instance is not sending syslogs,8.48889E+11,,Please check Ticket description,dc.echosign.core.network.bastion,echosign-cyclone-na1dc1-jump2,us-east-1,ami-0c3a61c6c2de1b81f,Unknown,i-0a2c2a7b2e110ab5c
Instance is not sending syslogs,8.48889E+11,,Please check Ticket description,dc.echosign.core.network.bastion,echosign-cyclone-na1dc1-jump3,us-east-1,ami-04e397eb8e6e3c534,Unknown,i-03a5b3caa5d7e597c
Instance is not sending syslogs,8.48889E+11,,Please check Ticket description,dc.echosign.core.network.nat,echosign-cyclone-na1dc1-nat1,us-east-1,ami-0cb2db0987ce0e94a,CentOS Linux,i-050d1a848529629cd
Instance is not sending syslogs,8.48889E+11,,Please check Ticket description,dc.echosign.core.network.nat,echosign-cyclone-na1dc1-nat2,us-east-1,ami-0cb2db0987ce0e94a,CentOS Linux,i-066a698d2eb82e57e
Instance is not sending syslogs,8.48889E+11,,Please check Ticket description,dc.echosign.core.network.nat,echosign-cyclone-na1dc1-nat3,us-east-1,ami-0cb2db0987ce0e94a,CentOS Linux,i-0b627b8917aaa1f41
Instance is not sending syslogs,8.48889E+11,,Please check Ticket description,dc.echosign.core.deployment.chefserver,echosign-p2-eu1dc1-chefserver,eu-west-1,ami-01f33ed1573f4ccfa,CentOS Linux,i-00a16c71c6804584e
Instance is not sending syslogs,8.48889E+11,,Please check Ticket description,dc.echosign.core.network.nat,echosign-p3-na1dc1-nat1,us-east-1,ami-020c1caceb8bc4aa4,CentOS Linux,i-03933d40db6b45fd3
Instance is not sending syslogs,8.48889E+11,,Please check Ticket description,dc.echosign.core.network.nat,echosign-p3-na1dc1-nat2,us-east-1,ami-020c1caceb8bc4aa4,CentOS Linux,i-0db70970ed4265b68
Instance is not sending syslogs,8.48889E+11,,Please check Ticket description,dc.echosign.core.network.nat,echosign-p3-na1dc1-nat3,us-east-1,ami-020c1caceb8bc4aa4,CentOS Linux,i-01b3f2c1f10be0849
Instance is not sending syslogs,8.48889E+11,,Please check Ticket description,dc.echosign.utility.network.nat,utility-perf-uswest2-nat,us-west-2,ami-02291953aba0e80cf,CentOS Linux,i-09ffcdaa38cf045e3